Workbook

Sheet Unit Testing
A1: QalaBazaar E-commerce Platform (QMS) - Unit Testing
A3: Test Case ID | B3: Related Requirement | C3: Scenario Type | D3: Test Objective | E3: Preconditions | F3: Test Input | G3: Test Steps | H3: Expected Output | I3: Actual Output | J3: Status | K3: Tester | L3: Date Tested
A4: UT-01 | B4: FR1 | C4: Positive | D4: Verify the Customer Registration function accepts a complete, valid customer record. | E4: Registration form is open and empty; user not logged in. | F4: Name: Sunita Shrestha; Email: sunita@example.com; Phone: 9841022334; Password: Valid123! | G4: 1) Enter all required fields with valid data. 2) Click 'Register'. | H4: Account is created; system generates a unique Customer ID (e.g., KB-C-1001) and shows a confirmation message. | I4: Account created; Customer ID KB-C-1001 generated; confirmation shown as expected. | J4: Pass | K4: S. Dahal (Dev) | L4: 2026-08-10
A5: UT-02 | B5: FR1 | C5: Negative | D5: Verify registration is blocked when a mandatory field (Email) is left blank. | E5: Registration form is open and empty. | F5: Name: Ram Thapa; Email: (blank); Password: Valid123! | G5: 1) Leave Email blank. 2) Fill remaining fields. 3) Click 'Register'. | H5: Registration is blocked; validation message 'Email is required' is displayed. | I5: Registration blocked; correct validation message shown. | J5: Pass | K5: S. Dahal (Dev) | L5: 2026-08-10
A6: UT-03 | B6: FR1 | C6: Negative | D6: Verify the password field rejects a weak password that does not meet complexity rules. | E6: Registration form is open. | F6: Password: '1234' | G6: 1) Enter a weak password. 2) Click 'Register'. | H6: Registration is blocked; message 'Password must be at least 8 characters and include a number' is shown. | I6: Registration proceeded without a validation error; weak password was accepted and stored. | J6: Fail | K6: S. Dahal (Dev) | L6: 2026-08-10
A7: UT-04 | B7: FR11 | C7: Positive | D7: Verify a registered user can log in with correct credentials. | E7: User account 'sunita_s' exists with a known valid password. | F7: Username: sunita_s; Password: (valid) | G7: 1) Enter valid username/password. 2) Click 'Login'. | H7: User is authenticated and redirected to their dashboard. | I7: Login successful; dashboard loaded in 1.2 seconds. | J7: Pass | K7: S. Dahal (Dev) | L7: 2026-08-10
A8: UT-05 | B8: FR11 | C8: Negative | D8: Verify login is rejected when an incorrect password is entered. | E8: User account 'sunita_s' exists. | F8: Username: sunita_s; Password: 'wrongPass1' | G8: 1) Enter valid username, incorrect password. 2) Click 'Login'. | H8: Login is rejected; message 'Invalid username or password' is shown. | I8: Login rejected with the correct message displayed. | J8: Pass | K8: S. Dahal (Dev) | L8: 2026-08-10
A9: UT-06 | B9: FR4 | C9: Positive | D9: Verify the stock-availability check function correctly reports an in-stock product. | E9: Product 'Hand-woven Dhaka Scarf' has 5 units in stock. | F9: Product ID: KB-P-2001; requested quantity: 1 | G9: 1) Call the availability-check function for the given product/quantity. | H9: Function returns Available = true. | I9: Function returned Available = true, matching the expected result. | J9: Pass | K9: S. Dahal (Dev) | L9: 2026-08-11
A10: UT-07 | B10: FR4 | C10: Negative | D10: Verify the stock-availability check function correctly blocks an out-of-stock product. | E10: Product 'Ceramic Tea Set' has 0 units in stock. | F10: Product ID: KB-P-2002; requested quantity: 1 | G10: 1) Call the availability-check function for the given product/quantity. | H10: Function returns Available = false with an 'Out of stock' flag. | I10: Function returned Available = false; correct flag shown. | J10: Pass | K10: S. Dahal (Dev) | L10: 2026-08-11
A11: UT-08 | B11: FR3 | C11: Positive | D11: Verify the product-search function returns the correct result for an exact product name match. | E11: Product 'Hand-woven Dhaka Scarf' exists in the catalog. | F11: Search term: 'Dhaka Scarf' | G11: 1) Enter 'Dhaka Scarf' into the search field. 2) Press Enter. | H11: At least one matching product for the Dhaka Scarf is displayed. | I11: One matching product displayed correctly. | J11: Pass | K11: S. Dahal (Dev) | L11: 2026-08-11
A12: UT-09 | B12: FR6 | C12: Negative | D12: Verify the payment function rejects a transaction when the payment gateway returns a declined response. | E12: Cart total is Rs. 1,500; payment gateway configured to simulate a decline. | F12: Card/payment details that trigger a simulated decline response | G12: 1) Submit payment with the decline-triggering test details. | H12: Payment is not completed; message 'Payment declined, please try again' is shown; order is not created. | I12: Payment was marked as completed and an order was created despite the simulated decline response. | J12: Fail | K12: S. Dahal (Dev) | L12: 2026-08-11
A13: UT-10 | B13: FR2 | C13: Positive | D13: Verify the add-product-listing function saves a new listing with all required fields. | E13: Seller is logged in; product form is open and empty. | F13: Name: 'Hand-carved Wooden Bowl'; Price: Rs. 850; Category: Home Decor; Stock: 10 | G13: 1) Enter all required fields. 2) Click 'Add Product'. | H13: Listing is saved and appears in the seller's product list with status 'Active'. | I13: Listing saved and appeared correctly with status Active. | J13: Pass | K13: S. Dahal (Dev) | L13: 2026-08-11

Sheet Integration Testing
A1: QalaBazaar E-commerce Platform (QMS) - Integration Testing
A3: Test Case ID | B3: Related Requirement | C3: Scenario Type | D3: Test Objective | E3: Preconditions | F3: Test Input | G3: Test Steps | H3: Expected Output | I3: Actual Output | J3: Status | K3: Tester | L3: Date Tested
A4: IT-01 | B4: FR1, FR2 | C4: Positive | D4: Verify a newly registered seller's account correctly flows into the Seller Dashboard module with permission to add products. | E4: Registration and Seller Dashboard modules are connected to the staging database. | F4: New seller 'Kiran Maharjan' registered via Registration module. | G4: 1) Register Kiran Maharjan as a seller. 2) Open Seller Dashboard and check for 'Add Product' access. | H4: Kiran Maharjan's account appears in Seller Dashboard with full add-product access. | I4: Account appeared immediately with full access as expected. | J4: Pass | K4: B. Pandey (QA) | L4: 2026-08-12
A5: IT-02 | B5: FR2, FR3 | C5: Positive | D5: Verify a product added by a seller appears correctly in the customer-facing Search/Browse module. | E5: Seller and Search modules are both connected to the staging database. | F5: Add product: 'Pashmina Shawl', Price Rs. 3,200, Category: Textiles. | G5: 1) Add product via Seller module. 2) Open Search/Browse module and search for 'Pashmina Shawl'. | H5: The new product appears in search results with correct price and category. | I5: Product appeared correctly in search results. | J5: Pass | K5: B. Pandey (QA) | L5: 2026-08-12
A6: IT-03 | B6: FR3 | C6: Negative | D6: Verify the Search module returns a 'No products found' message (not a system error) when a search term matches nothing. | E6: No products named 'Xyzabc123' exist in the catalog. | F6: Search term: 'Xyzabc123' | G6: 1) Enter 'Xyzabc123' in the search box. 2) Press Enter. | H6: System displays 'No products found' without crashing or throwing a system error. | I6: Message displayed correctly; no crash. | J6: Pass | K6: B. Pandey (QA) | L6: 2026-08-12
A7: IT-04 | B7: FR5, FR6 | C7: Negative | D7: Verify the Checkout module blocks payment when the cart is empty. | E7: Customer is logged in; cart contains 0 items. | F7: Attempt to proceed to checkout with an empty cart. | G7: 1) Open Checkout with an empty cart. 2) Attempt to confirm payment. | H7: Checkout is blocked; message 'Your cart is empty' is shown. | I7: Checkout proceeded to the payment page despite the empty cart; no validation message appeared. | J7: Fail | K7: B. Pandey (QA) | L7: 2026-08-12
A8: IT-05 | B8: FR5, FR6 | C8: Positive | D8: Verify a completed checkout correctly creates an order record and links to the Order Tracking module. | E8: Customer has 2 items in cart; payment gateway sandbox is active. | F8: Checkout: 2 items, total Rs. 2,750, payment via eSewa sandbox. | G8: 1) Complete checkout and payment. 2) Open Order Tracking module for the customer. | H8: New order appears in Order Tracking with status 'Placed' and correct item/amount details. | I8: Order appeared correctly with status Placed and correct details. | J8: Pass | K8: B. Pandey (QA) | L8: 2026-08-12
A9: IT-06 | B9: FR11, NFR1 | C9: Positive | D9: Verify that after logout, the session module correctly revokes access to protected modules. | E9: User is logged in and has an active session. | F9: User clicks 'Logout'. | G9: 1) Click Logout. 2) Attempt to navigate back to the Order History page using the browser back button. | H9: User is redirected to the login page; protected page is not accessible without re-authentication. | I9: User redirected to login page; protected page inaccessible as expected. | J9: Pass | K9: B. Pandey (QA) | L9: 2026-08-13
A10: IT-07 | B10: NFR1 | C10: Negative | D10: Verify a customer account is blocked from accessing the seller-only Product Management module. | E10: Customer role does not have permission to manage products. | F10: Customer attempts to open the Seller Dashboard's 'Manage Products' page directly via URL. | G10: 1) Log in as customer. 2) Navigate directly to the Manage Products URL. | H10: Access is denied; message 'You do not have permission to view this page' is shown. | I10: Access denied with the correct message shown. | J10: Pass | K10: B. Pandey (QA) | L10: 2026-08-13
A11: IT-08 | B11: FR4, FR6 | C11: Positive | D11: Verify the Inventory and Payment modules together prevent two customers from purchasing the last unit of a product simultaneously. | E11: Product 'Silver Filigree Earrings' has exactly 1 unit in stock. | F11: Two customers (Customer A, Customer B) simultaneously attempt to purchase the last unit. | G11: 1) Customer A submits payment for the item. 2) Customer B submits payment for the same item moments later. | H11: Only one purchase is confirmed; the second customer receives an 'Item no longer available' message and is not charged. | I11: Only Customer A's purchase was confirmed; Customer B received the correct message and was not charged. | J11: Pass | K11: B. Pandey (QA) | L11: 2026-08-13

Sheet System Testing
A1: QalaBazaar E-commerce Platform (QMS) - System Testing | M1: q
A3: Test Case ID | B3: Related Requirement | C3: Scenario Type | D3: Test Objective | E3: Preconditions | F3: Test Input | G3: Test Steps | H3: Expected Output | I3: Actual Output | J3: Status | K3: Tester | L3: Date Tested
A4: ST-01 | B4: FR1, FR2, FR3 | C4: Positive | D4: End-to-end: seller registers, lists a new product, and it is immediately retrievable via customer search. | E4: Seller logged in; system running on staging environment. | F4: New product 'Hand-painted Mithila Art', Price Rs. 1,800. | G4: 1) Add product as seller. 2) Search for the product by name as a customer. 3) Open the returned listing. | H4: Product listing succeeds; searching by name returns the product with all details matching input. | I4: Listing and search both worked correctly; details matched. | J4: Pass | K4: B. Pandey (QA Lead) | L4: 2026-08-13
A5: ST-02 | B5: FR5, FR6, FR7 | C5: Positive | D5: End-to-end: customer completes checkout and the order status updates in real time in Order Tracking. | E5: Customer has items in cart; payment gateway sandbox accessible. | F5: Checkout 2 items, total Rs. 2,100, payment via Khalti sandbox. | G5: 1) Complete checkout. 2) Open Order Tracking view without logging out. | H5: New order is visible in Order Tracking within a few seconds, with status 'Placed'. | I5: Order appeared within 2 seconds of checkout with correct status. | J5: Pass | K5: B. Pandey (QA Lead) | L5: 2026-08-13
A6: ST-03 | B6: FR4, FR6 | C6: Negative | D6: Verify the full system prevents overselling when two customers attempt to buy the last unit of a product concurrently. | E6: Product 'Brass Singing Bowl' has exactly 1 unit in stock. | F6: Two devices submit payment for the same last unit within the same second. | G6: 1) Device A submits payment. 2) Device B submits payment for the identical item. | H6: Only one purchase is saved; the other device receives a conflict message and is not charged. | I6: Only Device A's purchase was saved; Device B received the conflict message as expected. | J6: Pass | K6: B. Pandey (QA Lead) | L6: 2026-08-14
A7: ST-04 | B7: FR3 | C7: Positive | D7: Verify a customer can search and retrieve products using a combination of category and price range filters. | E7: Multiple products exist across several categories and price points. | F7: Filters: Category = 'Jewelry', Price = Rs. 500-2,000. | G7: 1) Apply both filter criteria. 2) Submit search. | H7: System returns only products matching both the category and price range, avoiding irrelevant results. | I7: Correct filtered results returned. | J7: Pass | K7: B. Pandey (QA Lead) | L7: 2026-08-14
A8: ST-05 | B8: NFR2 | C8: Positive | D8: Verify the system responds to a product-search request within an acceptable time under normal load. | E8: Catalog contains at least 500 sample product records. | F8: Search term: 'scarf' | G8: 1) Submit search. 2) Measure response time. | H8: Result is displayed within 3 seconds, per the response-time target in NFR2. | I8: Result displayed in 1.6 seconds. | J8: Pass | K8: B. Pandey (QA Lead) | L8: 2026-08-14
A9: ST-06 | B9: NFR1, FR11 | C9: Negative | D9: Verify an unauthenticated user attempting to access the Order History page directly (bypassing login) is denied access with a clear message. | E9: User is logged out; no active session. | F9: User manually enters the direct URL of the Order History page. | G9: 1) Log out. 2) Paste the direct Order History URL into the address bar. 3) Press Enter. | H9: User is redirected to the login page with the message 'Please log in to continue.' | I9: User was redirected, but a generic error page appeared briefly before the login page loaded, instead of a clean redirect with the intended message. | J9: Fail | K9: B. Pandey (QA Lead) | L9: 2026-08-14
A10: ST-07 | B10: NFR5 | C10: Positive | D10: Verify the scheduled nightly backup completes successfully and product/order data can be restored from it. | E10: Backup job is scheduled to run at 1:00 AM daily on the staging environment. | F10: Trigger the scheduled backup job manually for test purposes. | G10: 1) Run backup job. 2) Restore the backup to a separate test instance. 3) Compare record counts. | H10: Backup completes without error; restored instance record counts match the source exactly. | I10: Backup completed; restored record counts matched exactly. | J10: Pass | K10: B. Pandey (QA Lead) | L10: 2026-08-14
A11: ST-08 | B11: NFR7 | C11: Positive | D11: Verify core functions (search, cart, checkout) work correctly on both desktop Chrome and a mobile browser. | E11: Chrome available on desktop and on a mobile device. | F11: Perform search + add-to-cart on desktop; perform checkout on mobile Chrome. | G11: 1) Complete search and add-to-cart on desktop. 2) Open cart and complete checkout on mobile. | H11: All functions display and behave consistently on both devices with no layout or functional errors. | I11: Both devices displayed and functioned consistently. | J11: Pass | K11: B. Pandey (QA Lead) | L11: 2026-08-14

Sheet User Acceptance Testing
A1: QalaBazaar E-commerce Platform (QMS) - User Acceptance Testing
A3: Test Case ID | B3: Related Requirement | C3: Scenario Type | D3: Test Objective | E3: Preconditions | F3: Test Input | G3: Test Steps | H3: Expected Output | I3: Actual Output | J3: Status | K3: Tester | L3: Date Tested
A4: UAT-01 | B4: FR1 | C4: Positive | D4: A first-time customer registers an account unassisted, within an acceptable time. | E4: Customer has received no formal training on the platform. | F4: Real customer details (synthetic data used for testing). | G4: 1) Customer completes registration unassisted, without help from the QA team. | H4: Registration completed correctly within 3 minutes, without needing developer/QA assistance. | I4: Completed in 2 minutes 30 seconds, unassisted. | J4: Pass | K4: R. Karki (Customer) | L4: 2026-08-15
A5: UAT-02 | B5: FR5, FR6 | C5: Positive | D5: Customer adds a product to cart, checks out, and pays using their preferred payment method. | E5: Customer logged in; product catalog available. | F5: Add 1 item to cart; checkout using eSewa. | G5: 1) Search product. 2) Add to cart. 3) Checkout and pay. | H5: Order is placed and a confirmation is shown to the customer. | I5: Order placed and confirmation displayed correctly. | J5: Pass | K5: R. KC (Customer) | L5: 2026-08-15
A6: UAT-03 | B6: FR7 | C6: Positive | D6: Customer views the real-time status of their placed order. | E6: Customer account exists with at least one active order. | F6: Customer logs in and opens 'My Orders'. | G6: 1) Log in as customer. 2) Open 'My Orders'. | H6: Customer sees an accurate, up-to-date order status (e.g., Placed, Packed, Shipped). | I6: Order status displayed accurately and matched the seller's update. | J6: Pass | K6: R. KC (Customer) | L6: 2026-08-15
A7: UAT-04 | B7: FR2 | C7: Positive | D7: Seller adds a new product listing and manages existing inventory. | E7: Seller account exists with listing permission. | F7: Add product: 'Hemp Tote Bag', Price Rs. 950, Stock 15. | G7: 1) Log in as seller. 2) Add the new product listing. | H7: Product is saved and visible in the seller's product list, ready for customers to view. | I7: Product saved and visible as expected. | J7: Pass | K7: K. Maharjan (Seller) | L7: 2026-08-15
A8: UAT-05 | B8: NFR3 | C8: Positive | D8: A first-time seller lists a product relying only on the system's on-screen labels/prompts (no formal training). | E8: New seller has not used the platform before; given no instruction beyond login credentials. | F8: Same product details as TC-A-04. | G8: 1) New seller attempts to add a product independently. | H8: Seller completes the task without asking for help, indicating the interface is intuitive (NFR3). | I8: Task completed independently in 5 minutes with one brief pause to locate the 'Publish' button. | J8: Pass | K8: K. Maharjan (Seller) | L8: 2026-08-15
A9: UAT-06 | B9: FR11, NFR1 | C9: Positive | D9: Customer logs out at the end of a session and confirms the session is fully closed. | E9: Customer is logged in. | F9: Click 'Logout'; then reopen the browser tab. | G9: 1) Click Logout. 2) Reopen a new tab and navigate to the platform URL. | H9: User is prompted to log in again; no order or account data is visible without re-authentication. | I9: Login prompt shown; no data visible without logging in again. | J9: Pass | K9: R. Karki (Customer) | L9: 2026-08-15
A10: UAT-07 | B10: FR6 | C10: Negative | D10: Customer attempts to purchase an item that just went out of stock. | E10: An item's last unit was purchased by another customer moments earlier. | F10: Customer selects the same item and attempts to check out. | G10: 1) Attempt to complete checkout for the now out-of-stock item. | H10: System prevents the purchase and clearly explains why, suggesting similar available products. | I10: Purchase was correctly prevented, but the on-screen message only said 'Unable to complete order' without explaining why or suggesting alternatives. | J10: Fail (Minor) | K10: R. Karki (Customer) | L10: 2026-08-15
A11: UAT-08 | B11: NFR4 | C11: Negative | D11: Customer attempts to browse and place an order during a simulated maintenance window. | E11: Platform maintenance window is simulated for 2:00 AM-2:30 AM. | F11: Attempt to place an order during the simulated maintenance window. | G11: 1) Attempt the checkout action with the system clock/test flag set to the maintenance window. | H11: System either restricts the action per policy or clearly states the platform is under maintenance, with an estimated return time. | I11: Action was restricted as expected, with a message stating the maintenance window and expected return time. | J11: Pass | K11: K. Maharjan (Seller) | L11: 2026-08-15

Sheet summary
A1: QalaBazaar - Test Execution Summary
A3: By Test Level
A4: Test Level | B4: Total | C4: Pass | D4: Fail | E4: Pass Rate
A5: Unit | B5: =COUNTA('Unit Testing'!A4:A13) -> 10 | C5: =COUNTIF('Unit Testing'!J4:J13,"Pass") -> 8 | D5: =B5-C5 -> 2 | E5: =IF(B5=0,0,C5/B5) -> 0.8
A6: Integration | B6: =COUNTA('Integration Testing'!A4:A11) -> 8 | C6: =COUNTIF('Integration Testing'!J4:J11,"Pass") -> 7 | D6: =B6-C6 -> 1 | E6: =IF(B6=0,0,C6/B6) -> 0.875
A7: System | B7: =COUNTA('System Testing'!A4:A11) -> 8 | C7: =COUNTIF('System Testing'!J4:J11,"Pass") -> 7 | D7: =B7-C7 -> 1 | E7: =IF(B7=0,0,C7/B7) -> 0.875
A8: UAT | B8: =COUNTA('User Acceptance Testing'!A4:A11) -> 8 | C8: =COUNTIF('User Acceptance Testing'!J4:J11,"Pass") -> 7 | D8: =B8-C8 -> 1 | E8: =IF(B8=0,0,C8/B8) -> 0.875
A9: Total | B9: =SUM(B5:B8) -> 34 | C9: =SUM(C5:C8) -> 29 | D9: =SUM(D5:D8) -> 5 | E9: =IF(B9=0,0,C9/B9) -> 0.85294118
A11: By Scenario Type
A12: Test Level | B12: Total | C12: Pass | D12: Fail | E12: Pass Rate
A13: Positive | B13: =COUNTIF('Unit Testing'!C4:C13,"Positive")+COUNTIF('Integration Testing'!C4:C11,"Positive")+COUNTIF('System Testing'!C4:C11,"Positive")+COUNTIF('User Acceptance Testing'!C4:C11,"Positive") -> 22 | C13: =SUMPRODUCT(('Unit Testing'!C4:C13="Positive")*('Unit Testing'!J4:J13="Pass"))+SUMPRODUCT(('Integration Testing'!C4:C11="Positive")*('Integration Testing'!J4:J11="Pass"))+SUMPRODUCT(('System Testing'!C4:C11="Positive")*('System Testing'!J4:J11="Pass"))+SUMPRODUCT(('User Acceptance Testing'!C4:C11="Positive")*('User Acceptance Testing'!J4:J11="Pass")) -> 22 | D13: =B13-C13 -> 0 | E13: =IF(B13=0,0,C13/B13) -> 1
A14: Negative | B14: =COUNTIF('Unit Testing'!C4:C13,"Negative")+COUNTIF('Integration Testing'!C4:C11,"Negative")+COUNTIF('System Testing'!C4:C11,"Negative")+COUNTIF('User Acceptance Testing'!C4:C11,"Negative") -> 12 | C14: =SUMPRODUCT(('Unit Testing'!C4:C13="Negative")*('Unit Testing'!J4:J13="Pass"))+SUMPRODUCT(('Integration Testing'!C4:C11="Negative")*('Integration Testing'!J4:J11="Pass"))+SUMPRODUCT(('System Testing'!C4:C11="Negative")*('System Testing'!J4:J11="Pass"))+SUMPRODUCT(('User Acceptance Testing'!C4:C11="Negative")*('User Acceptance Testing'!J4:J11="Pass")) -> 7 | D14: =B14-C14 -> 5 | E14: =IF(B14=0,0,C14/B14) -> 0.58333333
A22: " | N22: ] | O22: \
A23: Pass | B23: =C9 -> 29
A24: Fail | B24: =D9 -> 5
